datetime,load_kw
 01/01  01:00:00,12.877498485866441
 01/01  02:00:00,12.877565474876649
 01/01  03:00:00,12.877565474876649
 01/01  04:00:00,12.877565474876649
 01/01  05:00:00,12.877565474876649
 01/01  06:00:00,12.877565474876649
 01/01  07:00:00,18.308313007508215
 01/01  08:00:00,13.131231717740436
 01/01  09:00:00,12.95674370411853
 01/01  10:00:00,12.86468721106148
 01/01  11:00:00,12.858003476659123
 01/01  12:00:00,15.983363610852726
 01/01  13:00:00,18.902915321897538
 01/01  14:00:00,20.33736109689264
 01/01  15:00:00,19.15415731201193
 01/01  16:00:00,16.239283554495056
 01/01  17:00:00,12.908018881688022
 01/01  18:00:00,14.44984232740732
 01/01  19:00:00,15.916364687240193
 01/01  20:00:00,13.58461547487665
 01/01  21:00:00,13.58461547487665
 01/01  22:00:00,13.58461547487665
 01/01  23:00:00,13.58461547487665
 01/01  24:00:00,13.58461547487665
 01/02  01:00:00,16.002738920482273
 01/02  02:00:00,16.002738920482273
 01/02  03:00:00,16.002738920482273
 01/02  04:00:00,16.002738920482273
 01/02  05:00:00,16.002738920482273
 01/02  06:00:00,16.002738920482273
 01/02  07:00:00,30.182654778013667
 01/02  08:00:00,45.78958731392486
 01/02  09:00:00,95.34786453763854
 01/02  10:00:00,85.52544233782592
 01/02  11:00:00,85.03097321278622
 01/02  12:00:00,89.03925178227158
 01/02  13:00:00,89.04782388293015
 01/02  14:00:00,93.32031741284737
 01/02  15:00:00,89.14194859570335
 01/02  16:00:00,88.65668519089935
 01/02  17:00:00,92.4955285265507
 01/02  18:00:00,70.0013440757654
 01/02  19:00:00,45.443925531152324
 01/02  20:00:00,40.09394925937454
 01/02  21:00:00,36.21728254850924
 01/02  22:00:00,34.28719113695542
 01/02  23:00:00,21.603550764090535
 01/02  24:00:00,20.122908155790526
 01/03  01:00:00,16.163712511941814
 01/03  02:00:00,16.002738920482273
 01/03  03:00:00,16.002738920482273
 01/03  04:00:00,16.002738920482273
 01/03  05:00:00,16.002738920482273
 01/03  06:00:00,16.002738920482273
 01/03  07:00:00,32.73517954056754
 01/03  08:00:00,47.86693532782159
 01/03  09:00:00,97.5700440218466
 01/03  10:00:00,89.61250090549142
 01/03  11:00:00,88.86028442391707
 01/03  12:00:00,91.31109839674033
 01/03  13:00:00,88.06199629070274
 01/03  14:00:00,89.70685536062923
 01/03  15:00:00,84.48659970632413
 01/03  16:00:00,84.61771998823251
 01/03  17:00:00,88.35648530833099
 01/03  18:00:00,64.0213909846897
 01/03  19:00:00,37.90587785519116
 01/03  20:00:00,31.634475228032805
 01/03  21:00:00,28.039115659217966
 01/03  22:00:00,26.746420337820165
 01/03  23:00:00,21.603550764090535
 01/03  24:00:00,20.122908155790526
 01/04  01:00:00,16.163712511941814
 01/04  02:00:00,16.002738920482273
 01/04  03:00:00,16.002738920482273
 01/04  04:00:00,16.002738920482273
 01/04  05:00:00,16.002738920482273
 01/04  06:00:00,16.002738920482273
 01/04  07:00:00,25.48406768678151
 01/04  08:00:00,40.35299458557747
 01/04  09:00:00,83.33048891375311
 01/04  10:00:00,75.57317430378544
 01/04  11:00:00,74.27174640224243
 01/04  12:00:00,77.61197455426236
 01/04  13:00:00,78.69317029019913
 01/04  14:00:00,84.72735824792399
 01/04  15:00:00,82.44825510247146
 01/04  16:00:00,82.92670433788923
 01/04  17:00:00,84.1221175820024
 01/04  18:00:00,60.42990759886391
 01/04  19:00:00,36.18303730402216
 01/04  20:00:00,31.037183380649275
 01/04  21:00:00,28.037987985801934
 01/04  22:00:00,26.746420337820165
 01/04  23:00:00,21.603550764090535
 01/04  24:00:00,20.122908155790526
 01/05  01:00:00,16.163712511941814
 01/05  02:00:00,16.002738920482273
 01/05  03:00:00,16.002738920482273
 01/05  04:00:00,16.002738920482273
 01/05  05:00:00,16.002738920482273
 01/05  06:00:00,16.002738920482273
 01/05  07:00:00,25.48406768678151
 01/05  08:00:00,40.28421656124587
 01/05  09:00:00,84.17184599289389
 01/05  10:00:00,76.53319198133435
 01/05  11:00:00,74.91133338574201
 01/05  12:00:00,79.09055242762597
 01/05  13:00:00,80.36482006076648
 01/05  14:00:00,86.46794145471289
 01/05  15:00:00,83.59098344258908
 01/05  16:00:00,84.48274694467455
 01/05  17:00:00,85.50538482293166
 01/05  18:00:00,60.20094904481189
 01/05  19:00:00,36.05075443928849
 01/05  20:00:00,31.1438327523094
 01/05  21:00:00,28.096808705886676
 01/05  22:00:00,26.746420337820165
 01/05  23:00:00,21.603550764090535
 01/05  24:00:00,20.122908155790526
 01/06  01:00:00,16.163712511941814
 01/06  02:00:00,16.002738920482273
 01/06  03:00:00,16.002738920482273
 01/06  04:00:00,16.002738920482273
 01/06  05:00:00,16.002738920482273
 01/06  06:00:00,16.002738920482273
 01/06  07:00:00,25.48406768678151
 01/06  08:00:00,39.921745020560344
 01/06  09:00:00,84.45199435182124
 01/06  10:00:00,76.96599301188158
 01/06  11:00:00,75.32468962745456
 01/06  12:00:00,79.87829269923049
 01/06  13:00:00,80.98280989716635
 01/06  14:00:00,85.87901064537701
 01/06  15:00:00,82.23595351527503
 01/06  16:00:00,82.29436983331634
 01/06  17:00:00,83.38059993963473
 01/06  18:00:00,60.22004122869229
 01/06  19:00:00,36.075475134920886
 01/06  20:00:00,31.08692665894582
 01/06  21:00:00,28.061205358519732
 01/06  22:00:00,26.746420337820165
 01/06  23:00:00,21.603550764090535
 01/06  24:00:00,20.122908155790526
 01/07  01:00:00,13.038514687240195
 01/07  02:00:00,12.877565474876649
 01/07  03:00:00,12.877565474876649
 01/07  04:00:00,12.877565474876649
 01/07  05:00:00,12.877565474876649
 01/07  06:00:00,12.877565474876649
 01/07  07:00:00,25.48406768678151
 01/07  08:00:00,25.62339329672296
 01/07  09:00:00,33.48075627638837
 01/07  10:00:00,36.77836882451017
 01/07  11:00:00,40.5419440694977
 01/07  12:00:00,45.83925892298422
 01/07  13:00:00,35.856954502127955
 01/07  14:00:00,34.28427226104643
 01/07  15:00:00,32.86443532929299
 01/07  16:00:00,31.435720425812384
 01/07  17:00:00,29.55646695439418
 01/07  18:00:00,23.476627983588667
 01/07  19:00:00,18.410195426701467
 01/07  20:00:00,13.745564687240194
 01/07  21:00:00,13.58461547487665
 01/07  22:00:00,13.58461547487665
 01/07  23:00:00,13.58461547487665
 01/07  24:00:00,13.58461547487665
 01/08  01:00:00,12.877565474876649
 01/08  02:00:00,12.877565474876649
 01/08  03:00:00,12.877565474876649
 01/08  04:00:00,12.877565474876649
 01/08  05:00:00,12.877565474876649
 01/08  06:00:00,12.877565474876649
 01/08  07:00:00,18.308313007508215
 01/08  08:00:00,13.012968682896739
 01/08  09:00:00,12.858004533447797
 01/08  10:00:00,12.858003476659123
 01/08  11:00:00,19.040865602268813
 01/08  12:00:00,20.268240049586005
 01/08  13:00:00,22.452683278647136
 01/08  14:00:00,24.028411630006698
 01/08  15:00:00,21.521037153910353
 01/08  16:00:00,22.744698634793586
 01/08  17:00:00,22.71368246384706
 01/08  18:00:00,18.236429546352348
 01/08  19:00:00,16.943222987043853
 01/08  20:00:00,13.58461547487665
 01/08  21:00:00,13.58461547487665
 01/08  22:00:00,13.58461547487665
 01/08  23:00:00,13.58461547487665
 01/08  24:00:00,13.58461547487665
 01/09  01:00:00,16.002738920482273
 01/09  02:00:00,16.002738920482273
 01/09  03:00:00,16.002738920482273
 01/09  04:00:00,16.002738920482273
 01/09  05:00:00,16.002738920482273
 01/09  06:00:00,16.002738920482273
 01/09  07:00:00,31.286988696648134
 01/09  08:00:00,45.847629372024564
 01/09  09:00:00,98.08963974844256
 01/09  10:00:00,93.79996439953227
 01/09  11:00:00,94.15143640197385
 01/09  12:00:00,98.9779448721186
 01/09  13:00:00,98.23003312845728
 01/09  14:00:00,101.81680720884884
 01/09  15:00:00,98.00684657433297
 01/09  16:00:00,100.75729413648531
 01/09  17:00:00,101.45188427743506
 01/09  18:00:00,75.41364499235546
 01/09  19:00:00,49.53330231276414
 01/09  20:00:00,43.594401020999584
 01/09  21:00:00,39.997508732419284
 01/09  22:00:00,37.75552391864632
 01/09  23:00:00,21.603550764090535
 01/09  24:00:00,20.122908155790526
 01/10  01:00:00,16.163712511941814
 01/10  02:00:00,16.002738920482273
 01/10  03:00:00,16.002738920482273
 01/10  04:00:00,16.002738920482273
 01/10  05:00:00,16.002738920482273
 01/10  06:00:00,16.002738920482273
 01/10  07:00:00,32.427166269984674
 01/10  08:00:00,47.45350449928844
 01/10  09:00:00,96.6303085780086
 01/10  10:00:00,87.90320937979294
 01/10  11:00:00,87.14538408752071
 01/10  12:00:00,91.41912911944259
 01/10  13:00:00,91.65057601037336
 01/10  14:00:00,97.19235976018525
 01/10  15:00:00,92.8442443131941
 01/10  16:00:00,92.14700732088568
 01/10  17:00:00,94.85631520025923
 01/10  18:00:00,73.02777897436044
 01/10  19:00:00,47.19566894537009
 01/10  20:00:00,42.028306653964044
 01/10  21:00:00,39.10796872923149
 01/10  22:00:00,37.59316673048237
 01/10  23:00:00,21.603550764090535
 01/10  24:00:00,20.122908155790526
 01/11  01:00:00,16.163712511941814
 01/11  02:00:00,16.002738920482273
 01/11  03:00:00,16.002738920482273
 01/11  04:00:00,16.002738920482273
 01/11  05:00:00,16.002738920482273
 01/11  06:00:00,16.002738920482273
 01/11  07:00:00,33.461615447871914
 01/11  08:00:00,48.05363893389411
 01/11  09:00:00,97.25357805787422
 01/11  10:00:00,89.30022491722147
 01/11  11:00:00,88.88576347335217
 01/11  12:00:00,93.65763544110506
 01/11  13:00:00,95.04910379161655
 01/11  14:00:00,101.65169224252416
 01/11  15:00:00,99.46797257530275
 01/11  16:00:00,99.75421008298837
 01/11  17:00:00,100.37022759820702
 01/11  18:00:00,74.44707893536756
 01/11  19:00:00,47.57998627588146
 01/11  20:00:00,41.620536933589236
 01/11  21:00:00,38.287901277446906
 01/11  22:00:00,36.52370407772335
 01/11  23:00:00,21.603550764090535
 01/11  24:00:00,20.122908155790526
 01/12  01:00:00,16.163712511941814
 01/12  02:00:00,16.002738920482273
 01/12  03:00:00,16.002738920482273
 01/12  04:00:00,16.002738920482273
 01/12  05:00:00,16.002738920482273
 01/12  06:00:00,16.002738920482273
 01/12  07:00:00,29.283434852615308
 01/12  08:00:00,42.12484403065022
 01/12  09:00:00,89.1351771692639
 01/12  10:00:00,81.55199486779715
 01/12  11:00:00,81.26345126377146
 01/12  12:00:00,84.70365833362244
 01/12  13:00:00,85.80966638847238
 01/12  14:00:00,89.13519031202412
 01/12  15:00:00,86.51633019517799
 01/12  16:00:00,86.31004871819125
 01/12  17:00:00,87.91050682082624
 01/12  18:00:00,65.86902327726645
 01/12  19:00:00,40.66138634694149
 01/12  20:00:00,35.03005941013298
 01/12  21:00:00,31.261487926797834
 01/12  22:00:00,29.31652143452281
 01/12  23:00:00,21.603550764090535
 01/12  24:00:00,20.122908155790526
 01/13  01:00:00,16.163712511941814
 01/13  02:00:00,16.002738920482273
 01/13  03:00:00,16.002738920482273
 01/13  04:00:00,16.002738920482273
 01/13  05:00:00,16.002738920482273
 01/13  06:00:00,16.002738920482273
 01/13  07:00:00,26.011707747966575
 01/13  08:00:00,39.67297104038039
 01/13  09:00:00,84.24281332494321
 01/13  10:00:00,78.10693856903066
 01/13  11:00:00,80.53909287445049
 01/13  12:00:00,85.70005457164696
 01/13  13:00:00,86.77318863081058
 01/13  14:00:00,91.32864263670464
 01/13  15:00:00,87.30398854244206
 01/13  16:00:00,84.66599615467409
 01/13  17:00:00,85.75770181765846
 01/13  18:00:00,64.84846482181284
 01/13  19:00:00,40.580257765872005
 01/13  20:00:00,36.27991828107716
 01/13  21:00:00,33.08182026004676
 01/13  22:00:00,31.183079665133032
 01/13  23:00:00,21.603550764090535
 01/13  24:00:00,20.122908155790526
 01/14  01:00:00,13.038514687240195
 01/14  02:00:00,12.877565474876649
 01/14  03:00:00,12.877565474876649
 01/14  04:00:00,12.877565474876649
 01/14  05:00:00,12.877565474876649
 01/14  06:00:00,12.877565474876649
 01/14  07:00:00,26.88605752621189
 01/14  08:00:00,27.472238781399337
 01/14  09:00:00,35.28171079645526
 01/14  10:00:00,37.666589914478585
 01/14  11:00:00,37.425599792037694
 01/14  12:00:00,41.04418033258233
 01/14  13:00:00,30.87182725682591
 01/14  14:00:00,28.16459901503182
 01/14  15:00:00,26.343640201766966
 01/14  16:00:00,24.637382850022973
 01/14  17:00:00,24.63606409719608
 01/14  18:00:00,21.823419487604042
 01/14  19:00:00,18.410195426701467
 01/14  20:00:00,13.745564687240194
 01/14  21:00:00,13.58461547487665
 01/14  22:00:00,13.58461547487665
 01/14  23:00:00,13.58461547487665
 01/14  24:00:00,13.58461547487665
 01/15  01:00:00,12.877565474876649
 01/15  02:00:00,12.877565474876649
 01/15  03:00:00,12.877565474876649
 01/15  04:00:00,12.877565474876649
 01/15  05:00:00,12.877565474876649
 01/15  06:00:00,12.877565474876649
 01/15  07:00:00,18.308313007508215
 01/15  08:00:00,13.13365931717608
 01/15  09:00:00,12.976576663231006
 01/15  10:00:00,12.879382978375109
 01/15  11:00:00,12.858003476659123
 01/15  12:00:00,12.858003476659123
 01/15  13:00:00,12.858003476659123
 01/15  14:00:00,12.858003476659123
 01/15  15:00:00,12.858003476659123
 01/15  16:00:00,12.858003476659123
 01/15  17:00:00,12.860204399249351
 01/15  18:00:00,14.367639469346628
 01/15  19:00:00,15.916364687240193
 01/15  20:00:00,13.58461547487665
 01/15  21:00:00,13.58461547487665
 01/15  22:00:00,13.58461547487665
 01/15  23:00:00,13.58461547487665
 01/15  24:00:00,13.58461547487665
 01/16  01:00:00,12.877565474876649
 01/16  02:00:00,12.877565474876649
 01/16  03:00:00,12.877565474876649
 01/16  04:00:00,12.877565474876649
 01/16  05:00:00,12.877565474876649
 01/16  06:00:00,12.877565474876649
 01/16  07:00:00,18.308313007508215
 01/16  08:00:00,13.037106178625105
 01/16  09:00:00,12.86106251575328
 01/16  10:00:00,12.858003476659123
 01/16  11:00:00,13.47296485796288
 01/16  12:00:00,16.240267440289905
 01/16  13:00:00,18.18699901004051
 01/16  14:00:00,19.277108898460952
 01/16  15:00:00,18.45593547175846
 01/16  16:00:00,17.704216227825707
 01/16  17:00:00,15.825049443401932
 01/16  18:00:00,14.382833350296238
 01/16  19:00:00,15.916364687240193
 01/16  20:00:00,13.58461547487665
 01/16  21:00:00,13.58461547487665
 01/16  22:00:00,13.58461547487665
 01/16  23:00:00,13.58461547487665
 01/16  24:00:00,13.58461547487665
 01/17  01:00:00,16.002738920482273
 01/17  02:00:00,16.002738920482273
 01/17  03:00:00,16.002738920482273
 01/17  04:00:00,16.002738920482273
 01/17  05:00:00,16.002738920482273
 01/17  06:00:00,16.002738920482273
 01/17  07:00:00,26.99513872192081
 01/17  08:00:00,39.76459648839255
 01/17  09:00:00,87.37951318020822
 01/17  10:00:00,80.26409215843111
 01/17  11:00:00,79.77714345646606
 01/17  12:00:00,84.1866206595406
 01/17  13:00:00,85.5981107833715
 01/17  14:00:00,91.07914297966713
 01/17  15:00:00,88.50835479082485
 01/17  16:00:00,89.26290591989536
 01/17  17:00:00,91.43111241177878
 01/17  18:00:00,67.91401509365028
 01/17  19:00:00,42.78176745265206
 01/17  20:00:00,37.2697451433604
 01/17  21:00:00,34.28337258594477
 01/17  22:00:00,33.136003917238035
 01/17  23:00:00,21.603550764090535
 01/17  24:00:00,20.122908155790526
 01/18  01:00:00,16.163712511941814
 01/18  02:00:00,16.002738920482273
 01/18  03:00:00,16.002738920482273
 01/18  04:00:00,16.002738920482273
 01/18  05:00:00,16.002738920482273
 01/18  06:00:00,16.002738920482273
 01/18  07:00:00,30.973847003622325
 01/18  08:00:00,44.85984659395423
 01/18  09:00:00,93.01232797531667
 01/18  10:00:00,84.84668512400081
 01/18  11:00:00,84.67520226378197
 01/18  12:00:00,88.06763411328558
 01/18  13:00:00,88.67374031788168
 01/18  14:00:00,92.30000533522755
 01/18  15:00:00,89.66589598199566
 01/18  16:00:00,89.0269187187408
 01/18  17:00:00,92.04414770763385
 01/18  18:00:00,71.02740467922868
 01/18  19:00:00,46.21888636409169
 01/18  20:00:00,40.9308820463885
 01/18  21:00:00,38.03312540075136
 01/18  22:00:00,36.464763974014176
 01/18  23:00:00,21.603550764090535
 01/18  24:00:00,20.122908155790526
 01/19  01:00:00,16.163712511941814
 01/19  02:00:00,16.002738920482273
 01/19  03:00:00,16.002738920482273
 01/19  04:00:00,16.002738920482273
 01/19  05:00:00,16.002738920482273
 01/19  06:00:00,16.002738920482273
 01/19  07:00:00,34.058219833331634
 01/19  08:00:00,48.366838433995746
 01/19  09:00:00,97.45070402593109
 01/19  10:00:00,91.35222324317303
 01/19  11:00:00,94.63993836794027
 01/19  12:00:00,101.76307771101472
 01/19  13:00:00,102.5965279129605
 01/19  14:00:00,110.80866397510674
 01/19  15:00:00,109.37380941683567
 01/19  16:00:00,110.82423582097815
 01/19  17:00:00,111.81874095352802
 01/19  18:00:00,79.13239413494618
 01/19  19:00:00,50.61296567176072
 01/19  20:00:00,43.86497023934435
 01/19  21:00:00,40.48760281852127
 01/19  22:00:00,39.07896347562029
 01/19  23:00:00,21.603550764090535
 01/19  24:00:00,20.122908155790526
 01/20  01:00:00,16.163712511941814
 01/20  02:00:00,16.002738920482273
 01/20  03:00:00,16.002738920482273
 01/20  04:00:00,16.002738920482273
 01/20  05:00:00,16.002738920482273
 01/20  06:00:00,16.002738920482273
 01/20  07:00:00,35.550396986138054
 01/20  08:00:00,50.58212801746707
 01/20  09:00:00,100.881150999629
 01/20  10:00:00,92.85096495591189
 01/20  11:00:00,94.76480362686607
 01/20  12:00:00,100.51295594178367
 01/20  13:00:00,96.67360532439066
 01/20  14:00:00,100.18536406429992
 01/20  15:00:00,96.96295739390605
 01/20  16:00:00,95.9972627584729
 01/20  17:00:00,96.81970490104423
 01/20  18:00:00,73.00836067777641
 01/20  19:00:00,46.75787849161247
 01/20  20:00:00,41.176602781683584
 01/20  21:00:00,38.109937105724505
 01/20  22:00:00,36.860607132941475
 01/20  23:00:00,21.603550764090535
 01/20  24:00:00,20.122908155790526
 01/21  01:00:00,13.038514687240195
 01/21  02:00:00,12.877565474876649
 01/21  03:00:00,12.877565474876649
 01/21  04:00:00,12.877565474876649
 01/21  05:00:00,12.877565474876649
 01/21  06:00:00,12.877565474876649
 01/21  07:00:00,33.030576937482
 01/21  08:00:00,34.95744126167069
 01/21  09:00:00,43.25336817369722
 01/21  10:00:00,46.50667485123311
 01/21  11:00:00,47.93720037792557
 01/21  12:00:00,53.979161031526175
 01/21  13:00:00,44.67562138359994
 01/21  14:00:00,43.4307395031184
 01/21  15:00:00,42.02494908367299
 01/21  16:00:00,40.974295167951276
 01/21  17:00:00,38.557803070639785
 01/21  18:00:00,29.77798546727744
 01/21  19:00:00,18.410195426701467
 01/21  20:00:00,13.745564687240194
 01/21  21:00:00,13.58461547487665
 01/21  22:00:00,13.58461547487665
 01/21  23:00:00,13.58461547487665
 01/21  24:00:00,13.58461547487665
 01/22  01:00:00,12.877565474876649
 01/22  02:00:00,12.877565474876649
 01/22  03:00:00,12.877565474876649
 01/22  04:00:00,12.877565474876649
 01/22  05:00:00,12.877565474876649
 01/22  06:00:00,12.877565474876649
 01/22  07:00:00,18.308313007508215
 01/22  08:00:00,12.989838218508357
 01/22  09:00:00,12.85800383695149
 01/22  10:00:00,19.963746371477544
 01/22  11:00:00,25.981627678863067
 01/22  12:00:00,26.640243157458382
 01/22  13:00:00,24.52131881201217
 01/22  14:00:00,25.918529648306002
 01/22  15:00:00,26.849201357454326
 01/22  16:00:00,25.755968133897156
 01/22  17:00:00,26.86646275207679
 01/22  18:00:00,24.272653868085765
 01/22  19:00:00,15.916364687240193
 01/22  20:00:00,13.58461547487665
 01/22  21:00:00,13.58461547487665
 01/22  22:00:00,13.58461547487665
 01/22  23:00:00,13.58461547487665
 01/22  24:00:00,13.58461547487665
 01/23  01:00:00,16.002738920482273
 01/23  02:00:00,16.002738920482273
 01/23  03:00:00,16.002738920482273
 01/23  04:00:00,16.002738920482273
 01/23  05:00:00,16.002738920482273
 01/23  06:00:00,16.002738920482273
 01/23  07:00:00,37.60418995285413
 01/23  08:00:00,56.33206281789195
 01/23  09:00:00,115.79703323481169
 01/23  10:00:00,114.23131268483563
 01/23  11:00:00,112.07174296466593
 01/23  12:00:00,111.01130006953964
 01/23  13:00:00,101.80946307308116
 01/23  14:00:00,106.15584245166136
 01/23  15:00:00,96.6192546407963
 01/23  16:00:00,93.64709520274877
 01/23  17:00:00,96.4760772281288
 01/23  18:00:00,68.53606537147189
 01/23  19:00:00,43.0850653014932
 01/23  20:00:00,37.36027230723179
 01/23  21:00:00,33.3412166197099
 01/23  22:00:00,31.385023713152748
 01/23  23:00:00,21.603550764090535
 01/23  24:00:00,20.122908155790526
 01/24  01:00:00,16.163712511941814
 01/24  02:00:00,16.002738920482273
 01/24  03:00:00,16.002738920482273
 01/24  04:00:00,16.002738920482273
 01/24  05:00:00,16.002738920482273
 01/24  06:00:00,16.002738920482273
 01/24  07:00:00,26.91780796907761
 01/24  08:00:00,40.768341994910884
 01/24  09:00:00,87.65422847541424
 01/24  10:00:00,75.63179895098662
 01/24  11:00:00,73.82173996886496
 01/24  12:00:00,77.44650375358522
 01/24  13:00:00,79.29567789231203
 01/24  14:00:00,81.7247853556251
 01/24  15:00:00,77.92483751941616
 01/24  16:00:00,77.7639041098979
 01/24  17:00:00,81.95649684625917
 01/24  18:00:00,60.598978381824
 01/24  19:00:00,37.57064761911894
 01/24  20:00:00,32.16288255758349
 01/24  21:00:00,29.682326382632482
 01/24  22:00:00,28.953026358157697
 01/24  23:00:00,21.603550764090535
 01/24  24:00:00,20.122908155790526
 01/25  01:00:00,16.163712511941814
 01/25  02:00:00,16.002738920482273
 01/25  03:00:00,16.002738920482273
 01/25  04:00:00,16.002738920482273
 01/25  05:00:00,16.002738920482273
 01/25  06:00:00,16.002738920482273
 01/25  07:00:00,27.680898903648767
 01/25  08:00:00,42.882531141531594
 01/25  09:00:00,87.53651096847379
 01/25  10:00:00,78.68716092193951
 01/25  11:00:00,79.2697252559388
 01/25  12:00:00,86.38541133220497
 01/25  13:00:00,87.35853631318881
 01/25  14:00:00,92.01143664109041
 01/25  15:00:00,88.72484808866292
 01/25  16:00:00,87.97817437284247
 01/25  17:00:00,89.94184334383829
 01/25  18:00:00,66.81928819266629
 01/25  19:00:00,43.54811401123062
 01/25  20:00:00,38.40480561455232
 01/25  21:00:00,35.24103848722634
 01/25  22:00:00,33.57265329123562
 01/25  23:00:00,21.603550764090535
 01/25  24:00:00,20.122908155790526
 01/26  01:00:00,16.163712511941814
 01/26  02:00:00,16.002738920482273
 01/26  03:00:00,16.002738920482273
 01/26  04:00:00,16.002738920482273
 01/26  05:00:00,16.002738920482273
 01/26  06:00:00,16.002738920482273
 01/26  07:00:00,30.010407948881532
 01/26  08:00:00,44.11423833182054
 01/26  09:00:00,92.29458452820536
 01/26  10:00:00,84.37395806217974
 01/26  11:00:00,84.40865014887098
 01/26  12:00:00,88.67329665505429
 01/26  13:00:00,88.33651999144787
 01/26  14:00:00,90.947173589048
 01/26  15:00:00,84.8317596385025
 01/26  16:00:00,83.94098403990348
 01/26  17:00:00,89.36301655114737
 01/26  18:00:00,66.44091464141522
 01/26  19:00:00,42.874557895056526
 01/26  20:00:00,37.022312678872076
 01/26  21:00:00,33.13892828415647
 01/26  22:00:00,31.020260726910756
 01/26  23:00:00,21.603550764090535
 01/26  24:00:00,20.122908155790526
 01/27  01:00:00,16.163712511941814
 01/27  02:00:00,16.002738920482273
 01/27  03:00:00,16.002738920482273
 01/27  04:00:00,16.002738920482273
 01/27  05:00:00,16.002738920482273
 01/27  06:00:00,16.002738920482273
 01/27  07:00:00,25.545399917448133
 01/27  08:00:00,40.84663184433377
 01/27  09:00:00,85.87137198270922
 01/27  10:00:00,74.36713293085575
 01/27  11:00:00,71.98087671367738
 01/27  12:00:00,74.1993503832314
 01/27  13:00:00,77.59674409782994
 01/27  14:00:00,77.06557497391363
 01/27  15:00:00,72.64734654437233
 01/27  16:00:00,73.08375305295858
 01/27  17:00:00,77.92813164294027
 01/27  18:00:00,60.0247812934468
 01/27  19:00:00,35.813596943507136
 01/27  20:00:00,30.9968666639611
 01/27  21:00:00,28.036223718679423
 01/27  22:00:00,26.746420337820165
 01/27  23:00:00,21.603550764090535
 01/27  24:00:00,20.122908155790526
 01/28  01:00:00,13.038514687240195
 01/28  02:00:00,12.877565474876649
 01/28  03:00:00,12.877565474876649
 01/28  04:00:00,12.877565474876649
 01/28  05:00:00,12.877565474876649
 01/28  06:00:00,12.877565474876649
 01/28  07:00:00,25.48406768678151
 01/28  08:00:00,25.81616462386572
 01/28  09:00:00,34.07020472666911
 01/28  10:00:00,35.768367415956135
 01/28  11:00:00,34.676787303138475
 01/28  12:00:00,36.830008900003925
 01/28  13:00:00,26.081901738641818
 01/28  14:00:00,23.499913026773378
 01/28  15:00:00,21.888084351246572
 01/28  16:00:00,20.60733034945275
 01/28  17:00:00,21.07316252499266
 01/28  18:00:00,17.25164300070611
 01/28  19:00:00,18.410195426701467
 01/28  20:00:00,13.745564687240194
 01/28  21:00:00,13.58461547487665
 01/28  22:00:00,13.58461547487665
 01/28  23:00:00,13.58461547487665
 01/28  24:00:00,13.58461547487665
 01/29  01:00:00,12.877565474876649
 01/29  02:00:00,12.877565474876649
 01/29  03:00:00,12.877565474876649
 01/29  04:00:00,12.877565474876649
 01/29  05:00:00,12.877565474876649
 01/29  06:00:00,12.877565474876649
 01/29  07:00:00,18.308313007508215
 01/29  08:00:00,13.122550743925235
 01/29  09:00:00,12.92443441491612
 01/29  10:00:00,12.860406109304991
 01/29  11:00:00,12.858003476659123
 01/29  12:00:00,12.858003476659123
 01/29  13:00:00,12.858003476659123
 01/29  14:00:00,12.858003476659123
 01/29  15:00:00,12.858003476659123
 01/29  16:00:00,12.859505652976212
 01/29  17:00:00,12.907044353967423
 01/29  18:00:00,13.139430000024833
 01/29  19:00:00,15.916364687240193
 01/29  20:00:00,13.58461547487665
 01/29  21:00:00,13.58461547487665
 01/29  22:00:00,13.58461547487665
 01/29  23:00:00,13.58461547487665
 01/29  24:00:00,13.58461547487665
 01/30  01:00:00,16.002738920482273
 01/30  02:00:00,16.002738920482273
 01/30  03:00:00,16.002738920482273
 01/30  04:00:00,16.002738920482273
 01/30  05:00:00,16.002738920482273
 01/30  06:00:00,16.002738920482273
 01/30  07:00:00,25.48406768678151
 01/30  08:00:00,42.40323698870544
 01/30  09:00:00,85.0964771950123
 01/30  10:00:00,73.56803024233845
 01/30  11:00:00,71.10137438952704
 01/30  12:00:00,72.96536193131205
 01/30  13:00:00,77.04552034152108
 01/30  14:00:00,74.83807793905298
 01/30  15:00:00,71.50342179350034
 01/30  16:00:00,71.51203226833748
 01/30  17:00:00,76.20319338626238
 01/30  18:00:00,59.92879318884693
 01/30  19:00:00,36.315823322104826
 01/30  20:00:00,30.9968666639611
 01/30  21:00:00,28.036223718679423
 01/30  22:00:00,26.746420337820165
 01/30  23:00:00,21.603550764090535
 01/30  24:00:00,20.122908155790526
 01/31  01:00:00,16.163712511941814
 01/31  02:00:00,16.002738920482273
 01/31  03:00:00,16.002738920482273
 01/31  04:00:00,16.002738920482273
 01/31  05:00:00,16.002738920482273
 01/31  06:00:00,16.002738920482273
 01/31  07:00:00,25.48406768678151
 01/31  08:00:00,42.1373516158468
 01/31  09:00:00,83.0184180444042
 01/31  10:00:00,73.01112958951633
 01/31  11:00:00,70.98519273088021
 01/31  12:00:00,73.05445471686694
 01/31  13:00:00,76.98165135108603
 01/31  14:00:00,74.94473374621691
 01/31  15:00:00,71.11701099035619
 01/31  16:00:00,71.25969269068769
 01/31  17:00:00,74.43111106933941
 01/31  18:00:00,58.60699201656559
 01/31  19:00:00,36.00392370953561
 01/31  20:00:00,31.06208688173722
 01/31  21:00:00,28.036223718679423
 01/31  22:00:00,26.746420337820165
 01/31  23:00:00,21.603550764090535
 01/31  24:00:00,20.122908155790526
 04/01  01:00:00,12.877498485866441
 04/01  02:00:00,12.877565474876649
 04/01  03:00:00,12.877565474876649
 04/01  04:00:00,12.877565474876649
 04/01  05:00:00,12.877565474876649
 04/01  06:00:00,18.308313007508215
 04/01  07:00:00,14.430826455005713
 04/01  08:00:00,12.891123804599644
 04/01  09:00:00,12.85900541162642
 04/01  10:00:00,12.858003476659123
 04/01  11:00:00,12.858003476659123
 04/01  12:00:00,12.858003476659123
 04/01  13:00:00,12.858003476659123
 04/01  14:00:00,12.858003476659123
 04/01  15:00:00,12.858003476659123
 04/01  16:00:00,12.860965047343978
 04/01  17:00:00,12.913856713158207
 04/01  18:00:00,10.638395643244909
 04/01  19:00:00,12.05176547487665
 04/01  20:00:00,13.58461547487665
 04/01  21:00:00,13.58461547487665
 04/01  22:00:00,13.58461547487665
 04/01  23:00:00,13.58461547487665
 04/01  24:00:00,16.002738920482273
 04/02  01:00:00,16.002738920482273
 04/02  02:00:00,16.002738920482273
 04/02  03:00:00,16.002738920482273
 04/02  04:00:00,16.002738920482273
 04/02  05:00:00,16.002738920482273
 04/02  06:00:00,32.234561063569735
 04/02  07:00:00,49.07583713562871
 04/02  08:00:00,97.06230925785032
 04/02  09:00:00,86.24010078643674
 04/02  10:00:00,84.41067002676441
 04/02  11:00:00,87.56965986414257
 04/02  12:00:00,88.00250066665997
 04/02  13:00:00,91.4250517628369
 04/02  14:00:00,88.8610161522184
 04/02  15:00:00,91.24159569191019
 04/02  16:00:00,97.00916294373953
 04/02  17:00:00,70.93893960043583
 04/02  18:00:00,41.86866695432834
 04/02  19:00:00,41.253544802657366
 04/02  20:00:00,39.96747889411302
 04/02  21:00:00,38.77587370296242
 04/02  22:00:00,21.603550764090535
 04/02  23:00:00,20.122908155790526
 04/02  24:00:00,16.163712511941814
 04/03  01:00:00,16.002738920482273
 04/03  02:00:00,16.002738920482273
 04/03  03:00:00,16.002738920482273
 04/03  04:00:00,16.002738920482273
 04/03  05:00:00,16.002738920482273
 04/03  06:00:00,38.35687268707659
 04/03  07:00:00,54.70255677316922
 04/03  08:00:00,106.08187304345864
 04/03  09:00:00,95.6672768403255
 04/03  10:00:00,95.56444937355957
 04/03  11:00:00,103.88559855085299
 04/03  12:00:00,109.39002078133997
 04/03  13:00:00,121.67439017553232
 04/03  14:00:00,122.07451746710625
 04/03  15:00:00,124.88687638963391
 04/03  16:00:00,127.78759699706531
 04/03  17:00:00,93.72576065794257
 04/03  18:00:00,54.996901557138024
 04/03  19:00:00,50.94565606423573
 04/03  20:00:00,48.19057011293825
 04/03  21:00:00,46.13844724513276
 04/03  22:00:00,21.603550764090535
 04/03  23:00:00,20.122908155790526
 04/03  24:00:00,16.163712511941814
 04/04  01:00:00,16.002738920482273
 04/04  02:00:00,16.002738920482273
 04/04  03:00:00,16.002738920482273
 04/04  04:00:00,16.002738920482273
 04/04  05:00:00,16.002738920482273
 04/04  06:00:00,40.87441182382504
 04/04  07:00:00,57.9844360334427
 04/04  08:00:00,113.38813195705528
 04/04  09:00:00,111.27981432490286
 04/04  10:00:00,114.91535596438753
 04/04  11:00:00,125.7335648789695
 04/04  12:00:00,127.92556544985179
 04/04  13:00:00,130.58459540101128
 04/04  14:00:00,130.89311745246954
 04/04  15:00:00,134.46875168064844
 04/04  16:00:00,136.06749843070241
 04/04  17:00:00,96.39971295063611
 04/04  18:00:00,56.58890883117547
 04/04  19:00:00,52.77122471593815
 04/04  20:00:00,49.50345438961601
 04/04  21:00:00,46.78548519112148
 04/04  22:00:00,21.603550764090535
 04/04  23:00:00,20.122908155790526
 04/04  24:00:00,16.163712511941814
 04/05  01:00:00,16.002738920482273
 04/05  02:00:00,16.002738920482273
 04/05  03:00:00,16.002738920482273
 04/05  04:00:00,16.002738920482273
 04/05  05:00:00,16.002738920482273
 04/05  06:00:00,41.57792426124076
 04/05  07:00:00,58.881375774978565
 04/05  08:00:00,114.75981170212202
 04/05  09:00:00,101.80218179916851
 04/05  10:00:00,99.77815054249467
 04/05  11:00:00,102.9773104123037
 04/05  12:00:00,100.329094344359
 04/05  13:00:00,103.44890019708173
 04/05  14:00:00,99.50923827645353
 04/05  15:00:00,99.79386363969864
 04/05  16:00:00,103.80170746900426
 04/05  17:00:00,75.5434071920296
 04/05  18:00:00,45.32783867814715
 04/05  19:00:00,44.68068038152581
 04/05  20:00:00,43.115317400887164
 04/05  21:00:00,41.38775005907172
 04/05  22:00:00,21.603550764090535
 04/05  23:00:00,20.122908155790526
 04/05  24:00:00,16.163712511941814
 04/06  01:00:00,16.002738920482273
 04/06  02:00:00,16.002738920482273
 04/06  03:00:00,16.002738920482273
 04/06  04:00:00,16.002738920482273
 04/06  05:00:00,16.002738920482273
 04/06  06:00:00,38.10881290819728
 04/06  07:00:00,52.486676907974
 04/06  08:00:00,100.82762661916728
 04/06  09:00:00,96.21759899229366
 04/06  10:00:00,103.35670318886307
 04/06  11:00:00,114.55343379150611
 04/06  12:00:00,119.46670992084945
 04/06  13:00:00,126.13574717260857
 04/06  14:00:00,125.8579226931212
 04/06  15:00:00,129.65421980987986
 04/06  16:00:00,130.88082234881165
 04/06  17:00:00,90.18577635298075
 04/06  18:00:00,49.72364067126305
 04/06  19:00:00,46.141435256734475
 04/06  20:00:00,43.23573139258323
 04/06  21:00:00,41.18761908102028
 04/06  22:00:00,21.603550764090535
 04/06  23:00:00,20.122908155790526
 04/06  24:00:00,13.038514687240195
 04/07  01:00:00,12.877565474876649
 04/07  02:00:00,12.877565474876649
 04/07  03:00:00,12.877565474876649
 04/07  04:00:00,12.877565474876649
 04/07  05:00:00,12.877565474876649
 04/07  06:00:00,34.47956709473993
 04/07  07:00:00,35.977736819675535
 04/07  08:00:00,43.98245994519396
 04/07  09:00:00,47.489889268490394
 04/07  10:00:00,47.505777216885924
 04/07  11:00:00,51.48510804059
 04/07  12:00:00,41.40688127110263
 04/07  13:00:00,38.408233552483736
 04/07  14:00:00,35.703520700958
 04/07  15:00:00,33.74626688106229
 04/07  16:00:00,33.628742198228046
 04/07  17:00:00,28.564853863381757
 04/07  18:00:00,13.05157049830094
 04/07  19:00:00,12.201347600149674
 04/07  20:00:00,13.58461547487665
 04/07  21:00:00,13.58461547487665
 04/07  22:00:00,13.58461547487665
 04/07  23:00:00,13.58461547487665
 04/07  24:00:00,12.877565474876649
 04/08  01:00:00,12.877565474876649
 04/08  02:00:00,12.877565474876649
 04/08  03:00:00,12.877565474876649
 04/08  04:00:00,12.877565474876649
 04/08  05:00:00,12.877565474876649
 04/08  06:00:00,18.308313007508215
 04/08  07:00:00,13.082973121532854
 04/08  08:00:00,12.879982634196015
 04/08  09:00:00,12.858003781173357
 04/08  10:00:00,12.858003476659123
 04/08  11:00:00,12.858003476659123
 04/08  12:00:00,12.858003476659123
 04/08  13:00:00,12.858003476659123
 04/08  14:00:00,12.858003476659123
 04/08  15:00:00,12.858575010929423
 04/08  16:00:00,12.880790615588438
 04/08  17:00:00,12.875108726595057
 04/08  18:00:00,10.564202991538446
 04/08  19:00:00,12.05736169860548
 04/08  20:00:00,13.58461547487665
 04/08  21:00:00,13.58461547487665
 04/08  22:00:00,13.58461547487665
 04/08  23:00:00,13.58461547487665
 04/08  24:00:00,16.002738920482273
 04/09  01:00:00,16.002738920482273
 04/09  02:00:00,16.002738920482273
 04/09  03:00:00,16.002738920482273
 04/09  04:00:00,16.002738920482273
 04/09  05:00:00,16.002738920482273
 04/09  06:00:00,43.24310284870022
 04/09  07:00:00,62.11292318657014
 04/09  08:00:00,122.808416405684
 04/09  09:00:00,116.78917253509844
 04/09  10:00:00,123.43814350128515
 04/09  11:00:00,141.55759013003333
 04/09  12:00:00,131.94804504596098
 04/09  13:00:00,148.86381993902637
 04/09  14:00:00,155.67272112836378
 04/09  15:00:00,151.28645758365622
 04/09  16:00:00,137.5749654760278
 04/09  17:00:00,101.23623702217986
 04/09  18:00:00,62.204851393995334
 04/09  19:00:00,58.5165000265834
 04/09  20:00:00,54.16425970434796
 04/09  21:00:00,50.58728162573795
 04/09  22:00:00,21.603550764090535
 04/09  23:00:00,20.122908155790526
 04/09  24:00:00,16.163712511941814
 04/10  01:00:00,16.002738920482273
 04/10  02:00:00,16.002738920482273
 04/10  03:00:00,16.002738920482273
 04/10  04:00:00,16.002738920482273
 04/10  05:00:00,16.002738920482273
 04/10  06:00:00,46.33842879317469
 04/10  07:00:00,66.38696253690686
 04/10  08:00:00,131.33558526302775
 04/10  09:00:00,128.83964549904704
 04/10  10:00:00,155.31890134397904
 04/10  11:00:00,132.3951349051009
 04/10  12:00:00,126.94011251309138
 04/10  13:00:00,130.47757451648116
 04/10  14:00:00,125.1068298669934
 04/10  15:00:00,123.09515408682016
 04/10  16:00:00,128.14118762363236
 04/10  17:00:00,102.5320542387474
 04/10  18:00:00,67.17415604425392
 04/10  19:00:00,61.270770628492926
 04/10  20:00:00,56.399247863592855
 04/10  21:00:00,53.014599557556664
 04/10  22:00:00,21.603550764090535
 04/10  23:00:00,20.122908155790526
 04/10  24:00:00,16.163712511941814
 04/11  01:00:00,16.002738920482273
 04/11  02:00:00,16.002738920482273
 04/11  03:00:00,16.002738920482273
 04/11  04:00:00,16.002738920482273
 04/11  05:00:00,16.002738920482273
 04/11  06:00:00,48.97235521758486
 04/11  07:00:00,70.60221972813733
 04/11  08:00:00,148.78073344757334
 04/11  09:00:00,159.87898461072518
 04/11  10:00:00,135.27121315180088
 04/11  11:00:00,128.34034384407028
 04/11  12:00:00,125.47259966348194
 04/11  13:00:00,130.66866443280185
 04/11  14:00:00,128.43944043464262
 04/11  15:00:00,131.79253568227932
 04/11  16:00:00,132.51122801664985
 04/11  17:00:00,101.00778346851855
 04/11  18:00:00,64.39671231632562
 04/11  19:00:00,59.807534583389064
 04/11  20:00:00,55.9550766430104
 04/11  21:00:00,50.55648319036858
 04/11  22:00:00,21.603550764090535
 04/11  23:00:00,20.122908155790526
 04/11  24:00:00,16.163712511941814
 04/12  01:00:00,16.002738920482273
 04/12  02:00:00,16.002738920482273
 04/12  03:00:00,16.002738920482273
 04/12  04:00:00,16.002738920482273
 04/12  05:00:00,16.002738920482273
 04/12  06:00:00,35.642589381614926
 04/12  07:00:00,49.12145884877985
 04/12  08:00:00,97.83329785194594
 04/12  09:00:00,89.84454951733075
 04/12  10:00:00,88.95237690319921
 04/12  11:00:00,92.58193929711325
 04/12  12:00:00,93.1174789382799
 04/12  13:00:00,96.43552685078265
 04/12  14:00:00,93.7288050892748
 04/12  15:00:00,93.87474166290936
 04/12  16:00:00,98.51633812850434
 04/12  17:00:00,74.57284415755734
 04/12  18:00:00,45.51774712655983
 04/12  19:00:00,44.48712171405746
 04/12  20:00:00,42.931472916502734
 04/12  21:00:00,41.66770212253042
 04/12  22:00:00,21.603550764090535
 04/12  23:00:00,20.122908155790526
 04/12  24:00:00,16.163712511941814
 04/13  01:00:00,16.002738920482273
 04/13  02:00:00,16.002738920482273
 04/13  03:00:00,16.002738920482273
 04/13  04:00:00,16.002738920482273
 04/13  05:00:00,16.002738920482273
 04/13  06:00:00,36.011783716839744
 04/13  07:00:00,51.32595371546933
 04/13  08:00:00,102.62093274904507
 04/13  09:00:00,94.17034836041115
 04/13  10:00:00,97.19085983207212
 04/13  11:00:00,110.57530545203258
 04/13  12:00:00,114.469136320979
 04/13  13:00:00,122.14783396172534
 04/13  14:00:00,122.70491487215288
 04/13  15:00:00,127.96818065808434
 04/13  16:00:00,129.74502722903978
 04/13  17:00:00,95.96961549376778
 04/13  18:00:00,55.98579664399567
 04/13  19:00:00,50.53291530708601
 04/13  20:00:00,47.757830562565275
 04/13  21:00:00,45.53292823513805
 04/13  22:00:00,21.603550764090535
 04/13  23:00:00,20.122908155790526
 04/13  24:00:00,13.038514687240195
 04/14  01:00:00,12.877565474876649
 04/14  02:00:00,12.877565474876649
 04/14  03:00:00,12.877565474876649
 04/14  04:00:00,12.877565474876649
 04/14  05:00:00,12.877565474876649
 04/14  06:00:00,44.187074471427984
 04/14  07:00:00,47.37704912544374
 04/14  08:00:00,55.69620704755077
 04/14  09:00:00,59.93258282388008
 04/14  10:00:00,64.06262197985278
 04/14  11:00:00,73.28316065358534
 04/14  12:00:00,55.95437041470747
 04/14  13:00:00,52.49127521296504
 04/14  14:00:00,51.23797200518443
 04/14  15:00:00,51.21072336707789
 04/14  16:00:00,53.615251562309844
 04/14  17:00:00,40.19980492595255
 04/14  18:00:00,20.649530928743005
 04/14  19:00:00,16.203747136176993
 04/14  20:00:00,13.58461547487665
 04/14  21:00:00,13.58461547487665
 04/14  22:00:00,13.58461547487665
 04/14  23:00:00,13.58461547487665
 04/14  24:00:00,12.877565474876649
 04/15  01:00:00,12.877565474876649
 04/15  02:00:00,12.877565474876649
 04/15  03:00:00,12.877565474876649
 04/15  04:00:00,12.877565474876649
 04/15  05:00:00,12.877565474876649
 04/15  06:00:00,18.308313007508215
 04/15  07:00:00,13.024945515922042
 04/15  08:00:00,12.878593234539016
 04/15  09:00:00,12.858003807917736
 04/15  10:00:00,20.150908332522874
 04/15  11:00:00,20.160572290956107
 04/15  12:00:00,20.243180473942218
 04/15  13:00:00,20.34672203399259
 04/15  14:00:00,20.473470146073716
 04/15  15:00:00,16.72648518996643
 04/15  16:00:00,16.80329081627857
 04/15  17:00:00,23.354956812758093
 04/15  18:00:00,16.523010154452123
 04/15  19:00:00,12.059126033741133
 04/15  20:00:00,13.58461547487665
 04/15  21:00:00,13.58461547487665
 04/15  22:00:00,13.58461547487665
 04/15  23:00:00,13.58461547487665
 04/15  24:00:00,16.002738920482273
 04/16  01:00:00,16.002738920482273
 04/16  02:00:00,16.002738920482273
 04/16  03:00:00,16.002738920482273
 04/16  04:00:00,16.002738920482273
 04/16  05:00:00,16.002738920482273
 04/16  06:00:00,39.46308028798744
 04/16  07:00:00,58.33229880039258
 04/16  08:00:00,111.73003703671345
 04/16  09:00:00,104.46064049955086
 04/16  10:00:00,103.60027848156759
 04/16  11:00:00,107.24886530510733
 04/16  12:00:00,105.4095747131208
 04/16  13:00:00,110.15000135114809
 04/16  14:00:00,105.1001387488316
 04/16  15:00:00,105.25262408672486
 04/16  16:00:00,108.62888830576766
 04/16  17:00:00,80.31528618186485
 04/16  18:00:00,48.36947211147613
 04/16  19:00:00,46.50081362848568
 04/16  20:00:00,44.73697500392808
 04/16  21:00:00,42.71889102498466
 04/16  22:00:00,21.603550764090535
 04/16  23:00:00,20.122908155790526
 04/16  24:00:00,16.163712511941814
 04/17  01:00:00,16.002738920482273
 04/17  02:00:00,16.002738920482273
 04/17  03:00:00,16.002738920482273
 04/17  04:00:00,16.002738920482273
 04/17  05:00:00,16.002738920482273
 04/17  06:00:00,37.525432556122325
 04/17  07:00:00,54.26703201384618
 04/17  08:00:00,108.14188689085324
 04/17  09:00:00,98.49537841113974
 04/17  10:00:00,98.67444178562087
 04/17  11:00:00,105.28387617004964
 04/17  12:00:00,105.2475131769958
 04/17  13:00:00,112.37266293432464
 04/17  14:00:00,110.34716348584303
 04/17  15:00:00,112.24804183837314
 04/17  16:00:00,116.6709944453852
 04/17  17:00:00,85.25225241990785
 04/17  18:00:00,51.37850960748636
 04/17  19:00:00,49.59536170694126
 04/17  20:00:00,48.27559401039867
 04/17  21:00:00,47.23501798267825
 04/17  22:00:00,21.603550764090535
 04/17  23:00:00,20.122908155790526
 04/17  24:00:00,16.163712511941814
 04/18  01:00:00,16.002738920482273
 04/18  02:00:00,16.002738920482273
 04/18  03:00:00,16.002738920482273
 04/18  04:00:00,16.002738920482273
 04/18  05:00:00,16.002738920482273
 04/18  06:00:00,46.11099293695554
 04/18  07:00:00,64.00399780959408
 04/18  08:00:00,129.37237658253605
 04/18  09:00:00,140.376006964234
 04/18  10:00:00,153.29519088108844
 04/18  11:00:00,135.42222656360613
 04/18  12:00:00,130.44453757563153
 04/18  13:00:00,133.71530247405903
 04/18  14:00:00,126.92949684099537
 04/18  15:00:00,130.07939762414333
 04/18  16:00:00,133.85847198201233
 04/18  17:00:00,104.04264721158258
 04/18  18:00:00,66.31551096382296
 04/18  19:00:00,62.01391128812828
 04/18  20:00:00,58.737128656126586
 04/18  21:00:00,56.22086484809592
 04/18  22:00:00,21.603550764090535
 04/18  23:00:00,20.122908155790526
 04/18  24:00:00,16.163712511941814
 04/19  01:00:00,16.002738920482273
 04/19  02:00:00,16.002738920482273
 04/19  03:00:00,16.002738920482273
 04/19  04:00:00,16.002738920482273
 04/19  05:00:00,19.3759035461489
 04/19  06:00:00,44.650734420535294
 04/19  07:00:00,69.60744200605369
 04/19  08:00:00,126.1316673474519
 04/19  09:00:00,118.99361583585403
 04/19  10:00:00,119.00254268389212
 04/19  11:00:00,122.80162801206222
 04/19  12:00:00,123.05885131733189
 04/19  13:00:00,128.49931781356997
 04/19  14:00:00,126.78190866586111
 04/19  15:00:00,130.19096045202136
 04/19  16:00:00,134.57622900574015
 04/19  17:00:00,106.3781407794236
 04/19  18:00:00,66.5982099275376
 04/19  19:00:00,61.313302343325695
 04/19  20:00:00,57.65376913443556
 04/19  21:00:00,55.317131960704764
 04/19  22:00:00,21.603550764090535
 04/19  23:00:00,20.122908155790526
 04/19  24:00:00,16.163712511941814
 04/20  01:00:00,16.002738920482273
 04/20  02:00:00,16.002738920482273
 04/20  03:00:00,16.002738920482273
 04/20  04:00:00,16.002738920482273
 04/20  05:00:00,22.576012014465203
 04/20  06:00:00,43.271465970505794
 04/20  07:00:00,71.40303527999457
 04/20  08:00:00,127.27109649279701
 04/20  09:00:00,118.4245387814326
 04/20  10:00:00,117.56768677373924
 04/20  11:00:00,123.25814395352111
 04/20  12:00:00,122.52327706731704
 04/20  13:00:00,123.89357703156342
 04/20  14:00:00,118.7647649932283
 04/20  15:00:00,120.74584712991809
 04/20  16:00:00,124.39024139217462
 04/20  17:00:00,96.66540251518786
 04/20  18:00:00,62.96350356056489
 04/20  19:00:00,60.31014011962978
 04/20  20:00:00,58.25318169374435
 04/20  21:00:00,55.98799147233943
 04/20  22:00:00,21.603550764090535
 04/20  23:00:00,20.122908155790526
 04/20  24:00:00,13.038514687240195
 04/21  01:00:00,12.877565474876649
 04/21  02:00:00,12.877565474876649
 04/21  03:00:00,12.877565474876649
 04/21  04:00:00,12.877565474876649
 04/21  05:00:00,12.877565474876649
 04/21  06:00:00,45.09525505762101
 04/21  07:00:00,49.245128745027024
 04/21  08:00:00,58.43335132591498
 04/21  09:00:00,61.3822392372529
 04/21  10:00:00,60.417497280231665
 04/21  11:00:00,63.63328730746289
 04/21  12:00:00,49.212870308189466
 04/21  13:00:00,45.38786134414335
 04/21  14:00:00,42.608516468070235
 04/21  15:00:00,40.32310451670674
 04/21  16:00:00,40.726480549801074
 04/21  17:00:00,36.727367563282186
 04/21  18:00:00,13.030721040023842
 04/21  19:00:00,12.195660387239945
 04/21  20:00:00,13.58461547487665
 04/21  21:00:00,13.58461547487665
 04/21  22:00:00,13.58461547487665
 04/21  23:00:00,13.58461547487665
 04/21  24:00:00,12.877565474876649
 04/22  01:00:00,12.877565474876649
 04/22  02:00:00,12.877565474876649
 04/22  03:00:00,12.877565474876649
 04/22  04:00:00,12.877565474876649
 04/22  05:00:00,12.877565474876649
 04/22  06:00:00,18.308313007508215
 04/22  07:00:00,13.155949638627707
 04/22  08:00:00,13.017122191607783
 04/22  09:00:00,12.87359968117206
 04/22  10:00:00,12.858003476659123
 04/22  11:00:00,12.858003476659123
 04/22  12:00:00,12.858003476659123
 04/22  13:00:00,12.858003476659123
 04/22  14:00:00,12.858003476659123
 04/22  15:00:00,18.08872526358079
 04/22  16:00:00,16.332581803014563
 04/22  17:00:00,14.67584868704149
 04/22  18:00:00,10.60615633221792
 04/22  19:00:00,12.05176547487665
 04/22  20:00:00,13.58461547487665
 04/22  21:00:00,13.58461547487665
 04/22  22:00:00,13.58461547487665
 04/22  23:00:00,13.58461547487665
 04/22  24:00:00,16.002738920482273
 04/23  01:00:00,16.002738920482273
 04/23  02:00:00,16.002738920482273
 04/23  03:00:00,16.002738920482273
 04/23  04:00:00,16.002738920482273
 04/23  05:00:00,16.002738920482273
 04/23  06:00:00,41.87774297547279
 04/23  07:00:00,61.967919071941196
 04/23  08:00:00,122.61840764760153
 04/23  09:00:00,111.29034449322997
 04/23  10:00:00,109.34270030907165
 04/23  11:00:00,113.8822487470223
 04/23  12:00:00,109.92953563470991
 04/23  13:00:00,115.50010159905302
 04/23  14:00:00,116.6265942410485
 04/23  15:00:00,117.39385878216339
 04/23  16:00:00,118.50576149344387
 04/23  17:00:00,87.34774928363638
 04/23  18:00:00,51.703857812227504
 04/23  19:00:00,49.179282995606115
 04/23  20:00:00,46.81378287963743
 04/23  21:00:00,44.75092126552622
 04/23  22:00:00,21.603550764090535
 04/23  23:00:00,20.122908155790526
 04/23  24:00:00,16.163712511941814
 04/24  01:00:00,16.002738920482273
 04/24  02:00:00,16.002738920482273
 04/24  03:00:00,16.002738920482273
 04/24  04:00:00,16.002738920482273
 04/24  05:00:00,16.002738920482273
 04/24  06:00:00,41.541205479713085
 04/24  07:00:00,58.11235878239425
 04/24  08:00:00,115.21196598157746
 04/24  09:00:00,109.88923504403812
 04/24  10:00:00,113.89893490283049
 04/24  11:00:00,123.71534163856475
 04/24  12:00:00,118.56515241770072
 04/24  13:00:00,127.42254029230192
 04/24  14:00:00,135.40560430537113
 04/24  15:00:00,152.80972999037874
 04/24  16:00:00,147.58874044456573
 04/24  17:00:00,107.81400911004984
 04/24  18:00:00,62.29942777729503
 04/24  19:00:00,56.01913349940147
 04/24  20:00:00,52.039585893065336
 04/24  21:00:00,49.25959951974772
 04/24  22:00:00,21.603550764090535
 04/24  23:00:00,20.122908155790526
 04/24  24:00:00,16.163712511941814
 04/25  01:00:00,16.002738920482273
 04/25  02:00:00,16.002738920482273
 04/25  03:00:00,16.002738920482273
 04/25  04:00:00,16.002738920482273
 04/25  05:00:00,16.002738920482273
 04/25  06:00:00,45.45507205714423
 04/25  07:00:00,66.74220435122142
 04/25  08:00:00,132.3815520369831
 04/25  09:00:00,125.70246662165937
 04/25  10:00:00,144.3323090466554
 04/25  11:00:00,144.01327767306103
 04/25  12:00:00,128.15865392783567
 04/25  13:00:00,129.7468778194314
 04/25  14:00:00,125.37189862987303
 04/25  15:00:00,129.03188477882
 04/25  16:00:00,132.93978833797536
 04/25  17:00:00,110.96252959678445
 04/25  18:00:00,73.15212941697544
 04/25  19:00:00,63.90986628651286
 04/25  20:00:00,57.947236347865
 04/25  21:00:00,53.78292223652947
 04/25  22:00:00,21.603550764090535
 04/25  23:00:00,20.122908155790526
 04/25  24:00:00,16.163712511941814
 04/26  01:00:00,16.002738920482273
 04/26  02:00:00,16.002738920482273
 04/26  03:00:00,16.002738920482273
 04/26  04:00:00,16.002738920482273
 04/26  05:00:00,16.002738920482273
 04/26  06:00:00,47.194256740254126
 04/26  07:00:00,72.65697291651891
 04/26  08:00:00,163.63740973961902
 04/26  09:00:00,138.2960964391427
 04/26  10:00:00,126.5769130453188
 04/26  11:00:00,129.35031417867157
 04/26  12:00:00,129.53283920329568
 04/26  13:00:00,135.68019619250273
 04/26  14:00:00,130.24265608510328
 04/26  15:00:00,132.75034840774023
 04/26  16:00:00,140.28113499765516
 04/26  17:00:00,109.08196208067662
 04/26  18:00:00,70.53069463084717
 04/26  19:00:00,62.188964452511684
 04/26  20:00:00,57.693649996183
 04/26  21:00:00,54.684643529579276
 04/26  22:00:00,21.603550764090535
 04/26  23:00:00,20.122908155790526
 04/26  24:00:00,16.163712511941814
 04/27  01:00:00,16.002738920482273
 04/27  02:00:00,16.002738920482273
 04/27  03:00:00,16.002738920482273
 04/27  04:00:00,16.002738920482273
 04/27  05:00:00,18.190335972058175
 04/27  06:00:00,49.73761497542058
 04/27  07:00:00,78.26666594267809
 04/27  08:00:00,137.96487529909695
 04/27  09:00:00,126.42505221596771
 04/27  10:00:00,125.57411732597564
 04/27  11:00:00,132.58034251821658
 04/27  12:00:00,132.11514628284382
 04/27  13:00:00,139.84242324880552
 04/27  14:00:00,135.09477676883236
 04/27  15:00:00,134.14709707864037
 04/27  16:00:00,140.1506878234299
 04/27  17:00:00,110.49907229327255
 04/27  18:00:00,71.2832017810608
 04/27  19:00:00,63.74139041275122
 04/27  20:00:00,58.480970003080195
 04/27  21:00:00,54.44808471151458
 04/27  22:00:00,21.603550764090535
 04/27  23:00:00,20.122908155790526
 04/27  24:00:00,13.038514687240195
 04/28  01:00:00,12.877565474876649
 04/28  02:00:00,12.877565474876649
 04/28  03:00:00,12.877565474876649
 04/28  04:00:00,12.877565474876649
 04/28  05:00:00,12.877565474876649
 04/28  06:00:00,47.30134816208666
 04/28  07:00:00,61.09609042548639
 04/28  08:00:00,71.91278520717567
 04/28  09:00:00,71.73470992459023
 04/28  10:00:00,74.4641097312678
 04/28  11:00:00,83.25178851742581
 04/28  12:00:00,69.7463564474642
 04/28  13:00:00,64.8458009548218
 04/28  14:00:00,65.06078259412524
 04/28  15:00:00,65.64571727027673
 04/28  16:00:00,65.65306615979274
 04/28  17:00:00,43.776430189815784
 04/28  18:00:00,22.701534832153868
 04/28  19:00:00,21.62150385055444
 04/28  20:00:00,21.104081502635292
 04/28  21:00:00,13.58461547487665
 04/28  22:00:00,13.58461547487665
 04/28  23:00:00,13.58461547487665
 04/28  24:00:00,12.877565474876649
 04/29  01:00:00,12.877565474876649
 04/29  02:00:00,12.877565474876649
 04/29  03:00:00,12.877565474876649
 04/29  04:00:00,12.877565474876649
 04/29  05:00:00,12.877565474876649
 04/29  06:00:00,16.999188007508213
 04/29  07:00:00,12.982333958393346
 04/29  08:00:00,12.858994159670413
 04/29  09:00:00,20.516726426573154
 04/29  10:00:00,29.23806818059923
 04/29  11:00:00,20.75667025119625
 04/29  12:00:00,20.5989601297617
 04/29  13:00:00,25.18153385287461
 04/29  14:00:00,27.425595377662926
 04/29  15:00:00,28.868037233826712
 04/29  16:00:00,32.72068010061834
 04/29  17:00:00,27.055565691011214
 04/29  18:00:00,25.972548715354314
 04/29  19:00:00,24.187920914300175
 04/29  20:00:00,19.529459420834463
 04/29  21:00:00,17.59654428374938
 04/29  22:00:00,13.58461547487665
 04/29  23:00:00,13.58461547487665
 04/29  24:00:00,16.002738920482273
 04/30  01:00:00,16.002738920482273
 04/30  02:00:00,16.002738920482273
 04/30  03:00:00,16.002738920482273
 04/30  04:00:00,16.002738920482273
 04/30  05:00:00,29.605855965361922
 04/30  06:00:00,46.58671294455983
 04/30  07:00:00,86.87862877648656
 04/30  08:00:00,161.19515307320307
 04/30  09:00:00,143.96711463653148
 04/30  10:00:00,132.09792701992626
 04/30  11:00:00,158.19590712793067
 04/30  12:00:00,155.19126129004007
 04/30  13:00:00,162.6551757363036
 04/30  14:00:00,143.99904899591735
 04/30  15:00:00,134.31786834023808
 04/30  16:00:00,131.25808371924194
 04/30  17:00:00,110.11228216783137
 04/30  18:00:00,72.70119960648536
 04/30  19:00:00,64.06746266519569
 04/30  20:00:00,59.23290894685218
 04/30  21:00:00,54.627560822653
 04/30  22:00:00,21.603550764090535
 04/30  23:00:00,20.122908155790526
 04/30  24:00:00,16.163712511941814
 07/01  01:00:00,23.295756413270645
 07/01  02:00:00,23.110419286605765
 07/01  03:00:00,22.970309931783962
 07/01  04:00:00,22.772498496658898
 07/01  05:00:00,22.53893502137046
 07/01  06:00:00,26.40230015611431
 07/01  07:00:00,22.24495050624678
 07/01  08:00:00,24.3404755384316
 07/01  09:00:00,27.058287602909587
 07/01  10:00:00,28.032371322533923
 07/01  11:00:00,29.987224431509105
 07/01  12:00:00,30.32849193185061
 07/01  13:00:00,30.0266960639927
 07/01  14:00:00,33.309042504139555
 07/01  15:00:00,34.709501575542525
 07/01  16:00:00,34.64085878216484
 07/01  17:00:00,36.899323797122946
 07/01  18:00:00,31.016154569283177
 07/01  19:00:00,27.740262980582738
 07/01  20:00:00,29.4960035098906
 07/01  21:00:00,28.051833246653644
 07/01  22:00:00,27.60554897870778
 07/01  23:00:00,27.734696917264213
 07/01  24:00:00,30.00794172034946
 07/02  01:00:00,29.918071639900116
 07/02  02:00:00,29.88456872424285
 07/02  03:00:00,26.28302331349975
 07/02  04:00:00,26.39653468385046
 07/02  05:00:00,31.874005687519148
 07/02  06:00:00,51.553560383681805
 07/02  07:00:00,102.21872878194603
 07/02  08:00:00,170.09623654764533
 07/02  09:00:00,158.12389877918685
 07/02  10:00:00,156.9080458790138
 07/02  11:00:00,164.34841808807323
 07/02  12:00:00,169.24403294379937
 07/02  13:00:00,173.76670243379124
 07/02  14:00:00,170.44965452095943
 07/02  15:00:00,170.10057074541118
 07/02  16:00:00,171.07380127459527
 07/02  17:00:00,139.7255968359388
 07/02  18:00:00,86.60457771049516
 07/02  19:00:00,74.65848754556505
 07/02  20:00:00,71.85733342257916
 07/02  21:00:00,68.03219972138346
 07/02  22:00:00,21.603550764090535
 07/02  23:00:00,20.122908155790526
 07/02  24:00:00,16.163712511941814
 07/03  01:00:00,16.002738920482273
 07/03  02:00:00,16.002738920482273
 07/03  03:00:00,16.002738920482273
 07/03  04:00:00,16.002738920482273
 07/03  05:00:00,29.098652335025584
 07/03  06:00:00,47.02966623896491
 07/03  07:00:00,94.21353800566287
 07/03  08:00:00,144.4636472848121
 07/03  09:00:00,129.9048629553895
 07/03  10:00:00,136.11521604727085
 07/03  11:00:00,147.24134441278593
 07/03  12:00:00,146.77277262396828
 07/03  13:00:00,152.06661745223627
 07/03  14:00:00,149.20823414115887
 07/03  15:00:00,155.91318270929335
 07/03  16:00:00,163.14073854018014
 07/03  17:00:00,130.50007301201282
 07/03  18:00:00,88.57723709440923
 07/03  19:00:00,76.12744158199378
 07/03  20:00:00,72.09068988006733
 07/03  21:00:00,67.89590281065833
 07/03  22:00:00,21.603550764090535
 07/03  23:00:00,20.122908155790526
 07/03  24:00:00,13.038514687240195
 07/04  01:00:00,12.877565474876649
 07/04  02:00:00,12.877565474876649
 07/04  03:00:00,12.877565474876649
 07/04  04:00:00,12.877565474876649
 07/04  05:00:00,12.877565474876649
 07/04  06:00:00,16.974077206011803
 07/04  07:00:00,12.929428899280124
 07/04  08:00:00,22.648802504188204
 07/04  09:00:00,31.58714980805296
 07/04  10:00:00,29.236819521983232
 07/04  11:00:00,26.87035382977441
 07/04  12:00:00,31.362014563689115
 07/04  13:00:00,28.73905928347331
 07/04  14:00:00,27.272434357861226
 07/04  15:00:00,32.88194297213277
 07/04  16:00:00,30.095796598301867
 07/04  17:00:00,26.546872943185754
 07/04  18:00:00,24.9644982011668
 07/04  19:00:00,22.463117837195263
 07/04  20:00:00,21.94140274699302
 07/04  21:00:00,23.52433007735337
 07/04  22:00:00,23.4663623301006
 07/04  23:00:00,18.548843641883487
 07/04  24:00:00,24.128838983249086
 07/05  01:00:00,24.192313952463543
 07/05  02:00:00,22.505736958779195
 07/05  03:00:00,20.94498165281706
 07/05  04:00:00,19.278571738993804
 07/05  05:00:00,31.093787425773467
 07/05  06:00:00,44.586557315836046
 07/05  07:00:00,92.4331093100672
 07/05  08:00:00,151.82701887185414
 07/05  09:00:00,146.45584245954794
 07/05  10:00:00,146.90025839291079
 07/05  11:00:00,153.87065721340016
 07/05  12:00:00,149.49499045541592
 07/05  13:00:00,152.97773340566314
 07/05  14:00:00,145.35845139018062
 07/05  15:00:00,146.03780469183027
 07/05  16:00:00,149.70975327609102
 07/05  17:00:00,120.20626433079772
 07/05  18:00:00,80.83166537381011
 07/05  19:00:00,71.36718292722313
 07/05  20:00:00,68.84090815920963
 07/05  21:00:00,66.18058979657982
 07/05  22:00:00,21.603550764090535
 07/05  23:00:00,20.122908155790526
 07/05  24:00:00,16.163712511941814
 07/06  01:00:00,16.002738920482273
 07/06  02:00:00,16.002738920482273
 07/06  03:00:00,16.002738920482273
 07/06  04:00:00,16.002738920482273
 07/06  05:00:00,26.11563555130975
 07/06  06:00:00,42.259052791333076
 07/06  07:00:00,79.24089233510124
 07/06  08:00:00,137.22047597885694
 07/06  09:00:00,129.05398095796497
 07/06  10:00:00,130.78487048380097
 07/06  11:00:00,136.8832920068488
 07/06  12:00:00,137.43029135235267
 07/06  13:00:00,141.09080862661818
 07/06  14:00:00,135.5945566111382
 07/06  15:00:00,140.0149501308334
 07/06  16:00:00,138.9883773971403
 07/06  17:00:00,107.75000102049532
 07/06  18:00:00,70.04189102723345
 07/06  19:00:00,64.53690136712014
 07/06  20:00:00,63.4900650707887
 07/06  21:00:00,60.909358757437914
 07/06  22:00:00,21.603550764090535
 07/06  23:00:00,20.122908155790526
 07/06  24:00:00,13.038514687240195
 07/07  01:00:00,12.877565474876649
 07/07  02:00:00,12.877565474876649
 07/07  03:00:00,12.877565474876649
 07/07  04:00:00,12.877565474876649
 07/07  05:00:00,16.37771797040408
 07/07  06:00:00,42.96490404526695
 07/07  07:00:00,63.32497227692975
 07/07  08:00:00,73.47329489354607
 07/07  09:00:00,80.53345971404377
 07/07  10:00:00,79.6803629407837
 07/07  11:00:00,85.44501537869523
 07/07  12:00:00,72.87468487133235
 07/07  13:00:00,65.85650277776493
 07/07  14:00:00,65.39759880049222
 07/07  15:00:00,63.72759160735294
 07/07  16:00:00,62.904977886302774
 07/07  17:00:00,50.062927647957956
 07/07  18:00:00,12.867043689287106
 07/07  19:00:00,10.6080727901342
 07/07  20:00:00,13.58461547487665
 07/07  21:00:00,13.58461547487665
 07/07  22:00:00,13.58461547487665
 07/07  23:00:00,13.58461547487665
 07/07  24:00:00,12.877565474876649
 07/08  01:00:00,12.877565474876649
 07/08  02:00:00,12.877565474876649
 07/08  03:00:00,12.877565474876649
 07/08  04:00:00,12.877565474876649
 07/08  05:00:00,12.877565474876649
 07/08  06:00:00,16.96281822160993
 07/08  07:00:00,12.893462662639381
 07/08  08:00:00,28.963073321940346
 07/08  09:00:00,28.27942147306007
 07/08  10:00:00,24.032748637523408
 07/08  11:00:00,27.62241261899712
 07/08  12:00:00,27.344325964206003
 07/08  13:00:00,23.938629001423593
 07/08  14:00:00,28.19747768433107
 07/08  15:00:00,26.794525604928335
 07/08  16:00:00,21.191338197459583
 07/08  17:00:00,24.990403113267213
 07/08  18:00:00,22.165881624817914
 07/08  19:00:00,20.363733222217174
 07/08  20:00:00,18.454631628582735
 07/08  21:00:00,19.882124793121754
 07/08  22:00:00,19.8834295874769
 07/08  23:00:00,15.193134520664517
 07/08  24:00:00,17.66576380000306
 07/09  01:00:00,22.423564926022806
 07/09  02:00:00,19.280609946846504
 07/09  03:00:00,16.002738920482273
 07/09  04:00:00,16.002738920482273
 07/09  05:00:00,27.722091978891132
 07/09  06:00:00,44.352879542486754
 07/09  07:00:00,85.05688047559318
 07/09  08:00:00,143.76653416376666
 07/09  09:00:00,140.50018372888866
 07/09  10:00:00,143.8118949967043
 07/09  11:00:00,150.77011777135365
 07/09  12:00:00,147.4016345684302
 07/09  13:00:00,154.21172845505527
 07/09  14:00:00,151.30320106568436
 07/09  15:00:00,156.58410163350234
 07/09  16:00:00,159.1486616974088
 07/09  17:00:00,118.7279312695023
 07/09  18:00:00,79.41031183403187
 07/09  19:00:00,71.9959833504963
 07/09  20:00:00,69.14522673928246
 07/09  21:00:00,65.2393527374896
 07/09  22:00:00,21.603550764090535
 07/09  23:00:00,20.122908155790526
 07/09  24:00:00,16.163712511941814
 07/10  01:00:00,16.002738920482273
 07/10  02:00:00,16.002738920482273
 07/10  03:00:00,16.002738920482273
 07/10  04:00:00,16.002738920482273
 07/10  05:00:00,25.940563974078728
 07/10  06:00:00,42.050268972857424
 07/10  07:00:00,83.05540731269667
 07/10  08:00:00,143.4390710433592
 07/10  09:00:00,139.85247351599318
 07/10  10:00:00,141.91870659835064
 07/10  11:00:00,148.97977427051913
 07/10  12:00:00,147.57937217500134
 07/10  13:00:00,152.0264442012143
 07/10  14:00:00,147.91819317837496
 07/10  15:00:00,155.43122114142272
 07/10  16:00:00,164.41992885240273
 07/10  17:00:00,128.50211763174872
 07/10  18:00:00,86.1944907617688
 07/10  19:00:00,73.69936775482226
 07/10  20:00:00,69.48070702418276
 07/10  21:00:00,65.91317718366355
 07/10  22:00:00,21.603550764090535
 07/10  23:00:00,20.122908155790526
 07/10  24:00:00,16.163712511941814
 07/11  01:00:00,16.002738920482273
 07/11  02:00:00,16.002738920482273
 07/11  03:00:00,16.002738920482273
 07/11  04:00:00,16.002738920482273
 07/11  05:00:00,28.198505546003794
 07/11  06:00:00,46.218550201908386
 07/11  07:00:00,86.49811193607076
 07/11  08:00:00,140.8272477819622
 07/11  09:00:00,129.40333587195335
 07/11  10:00:00,130.77497810517926
 07/11  11:00:00,139.7814625537432
 07/11  12:00:00,140.95720203267805
 07/11  13:00:00,146.59234577668462
 07/11  14:00:00,140.89210496868904
 07/11  15:00:00,141.41911004182154
 07/11  16:00:00,145.85106420269236
 07/11  17:00:00,115.25437665956215
 07/11  18:00:00,77.08135405598898
 07/11  19:00:00,69.66207479403158
 07/11  20:00:00,67.90224718213415
 07/11  21:00:00,63.95463818858852
 07/11  22:00:00,21.603550764090535
 07/11  23:00:00,20.122908155790526
 07/11  24:00:00,16.163712511941814
 07/12  01:00:00,16.002738920482273
 07/12  02:00:00,16.002738920482273
 07/12  03:00:00,16.002738920482273
 07/12  04:00:00,16.002738920482273
 07/12  05:00:00,28.287265039881003
 07/12  06:00:00,45.825243058482066
 07/12  07:00:00,84.51810349984305
 07/12  08:00:00,141.6973858699981
 07/12  09:00:00,132.4265823283429
 07/12  10:00:00,133.09703882992022
 07/12  11:00:00,142.191875578209
 07/12  12:00:00,141.54670021502312
 07/12  13:00:00,146.73365690506594
 07/12  14:00:00,143.20718100295932
 07/12  15:00:00,146.93832070952186
 07/12  16:00:00,141.32872929689512
 07/12  17:00:00,111.97566906790965
 07/12  18:00:00,76.12421484191613
 07/12  19:00:00,68.94310840713575
 07/12  20:00:00,67.01560873190195
 07/12  21:00:00,63.92777962372313
 07/12  22:00:00,21.603550764090535
 07/12  23:00:00,20.122908155790526
 07/12  24:00:00,16.163712511941814
 07/13  01:00:00,16.002738920482273
 07/13  02:00:00,16.002738920482273
 07/13  03:00:00,16.002738920482273
 07/13  04:00:00,16.002738920482273
 07/13  05:00:00,27.26961759865549
 07/13  06:00:00,44.282164908443846
 07/13  07:00:00,82.042052825319
 07/13  08:00:00,142.0997524616785
 07/13  09:00:00,139.79365850032252
 07/13  10:00:00,139.02310582918693
 07/13  11:00:00,143.77061136204452
 07/13  12:00:00,143.4204241035246
 07/13  13:00:00,149.11983914532712
 07/13  14:00:00,146.03352741294972
 07/13  15:00:00,152.14726612176486
 07/13  16:00:00,163.35899899635044
 07/13  17:00:00,130.5405738090016
 07/13  18:00:00,84.51074122062016
 07/13  19:00:00,72.73341900172113
 07/13  20:00:00,69.62899711295533
 07/13  21:00:00,65.96389240216601
 07/13  22:00:00,21.603550764090535
 07/13  23:00:00,20.122908155790526
 07/13  24:00:00,13.038514687240195
 07/14  01:00:00,12.877565474876649
 07/14  02:00:00,12.877565474876649
 07/14  03:00:00,12.877565474876649
 07/14  04:00:00,12.877565474876649
 07/14  05:00:00,24.20203107196192
 07/14  06:00:00,44.50401635487371
 07/14  07:00:00,70.73747274438428
 07/14  08:00:00,79.62609517950439
 07/14  09:00:00,86.21494053833645
 07/14  10:00:00,88.32030251732057
 07/14  11:00:00,90.89837150464145
 07/14  12:00:00,79.12504179843964
 07/14  13:00:00,77.4154284083322
 07/14  14:00:00,76.54703508205672
 07/14  15:00:00,77.26044998624467
 07/14  16:00:00,79.53525922872603
 07/14  17:00:00,57.86863103580553
 07/14  18:00:00,23.672927393250745
 07/14  19:00:00,24.555858893623252
 07/14  20:00:00,23.734267734874745
 07/14  21:00:00,18.58825690254638
 07/14  22:00:00,18.442411132682007
 07/14  23:00:00,16.950291456061244
 07/14  24:00:00,12.877565474876649
 07/15  01:00:00,12.877565474876649
 07/15  02:00:00,12.877565474876649
 07/15  03:00:00,12.877565474876649
 07/15  04:00:00,12.877565474876649
 07/15  05:00:00,12.877565474876649
 07/15  06:00:00,16.95232394223858
 07/15  07:00:00,19.976191130444995
 07/15  08:00:00,27.833939605196775
 07/15  09:00:00,30.076033042006273
 07/15  10:00:00,26.472563080748493
 07/15  11:00:00,29.73638629679181
 07/15  12:00:00,31.419304479955766
 07/15  13:00:00,27.29878006644961
 07/15  14:00:00,31.146343732267116
 07/15  15:00:00,33.365230936542694
 07/15  16:00:00,28.627833994773244
 07/15  17:00:00,30.894817924420188
 07/15  18:00:00,28.4771974708861
 07/15  19:00:00,23.789258208223316
 07/15  20:00:00,26.865025980105834
 07/15  21:00:00,22.838927522009186
 07/15  22:00:00,22.681741131728405
 07/15  23:00:00,22.670267301639285
 07/15  24:00:00,25.242139145816445
 07/16  01:00:00,23.275479838074297
 07/16  02:00:00,25.178988015654177
 07/16  03:00:00,23.295783044809692
 07/16  04:00:00,21.521760790330124
 07/16  05:00:00,32.58540442213716
 07/16  06:00:00,47.0990261222014
 07/16  07:00:00,94.94095551866022
 07/16  08:00:00,154.7349359652766
 07/16  09:00:00,144.5058407926278
 07/16  10:00:00,143.25638952261366
 07/16  11:00:00,152.7239726102425
 07/16  12:00:00,149.38370380388506
 07/16  13:00:00,154.35641972961324
 07/16  14:00:00,149.6043404678089
 07/16  15:00:00,152.93065619533397
 07/16  16:00:00,154.17922059545344
 07/16  17:00:00,118.64161315625128
 07/16  18:00:00,77.4160335137551
 07/16  19:00:00,68.45433653402335
 07/16  20:00:00,65.93779178921407
 07/16  21:00:00,62.85654176905347
 07/16  22:00:00,21.603550764090535
 07/16  23:00:00,20.122908155790526
 07/16  24:00:00,16.163712511941814
 07/17  01:00:00,16.002738920482273
 07/17  02:00:00,16.002738920482273
 07/17  03:00:00,16.002738920482273
 07/17  04:00:00,16.002738920482273
 07/17  05:00:00,27.634469445828454
 07/17  06:00:00,43.48281674045775
 07/17  07:00:00,81.41151416316472
 07/17  08:00:00,138.74477633588256
 07/17  09:00:00,127.2689333720592
 07/17  10:00:00,123.2667400998204
 07/17  11:00:00,127.02602194570169
 07/17  12:00:00,129.30269837762103
 07/17  13:00:00,133.88284256217966
 07/17  14:00:00,127.67623138038844
 07/17  15:00:00,128.43095364652154
 07/17  16:00:00,131.07906322938166
 07/17  17:00:00,102.84201299989935
 07/17  18:00:00,66.79882160844586
 07/17  19:00:00,62.11639279036191
 07/17  20:00:00,61.4710215649325
 07/17  21:00:00,59.03119177497793
 07/17  22:00:00,21.603550764090535
 07/17  23:00:00,20.122908155790526
 07/17  24:00:00,16.163712511941814
 07/18  01:00:00,16.002738920482273
 07/18  02:00:00,16.002738920482273
 07/18  03:00:00,16.002738920482273
 07/18  04:00:00,16.002738920482273
 07/18  05:00:00,26.88887018800601
 07/18  06:00:00,43.51007379708049
 07/18  07:00:00,80.66936390836581
 07/18  08:00:00,138.4220382896427
 07/18  09:00:00,125.60273832221488
 07/18  10:00:00,121.99820739918812
 07/18  11:00:00,121.09262213538496
 07/18  12:00:00,117.24443148339259
 07/18  13:00:00,121.96011175287376
 07/18  14:00:00,119.05996315449379
 07/18  15:00:00,121.31171337940035
 07/18  16:00:00,126.00098064808688
 07/18  17:00:00,97.86810903446356
 07/18  18:00:00,63.906616722924554
 07/18  19:00:00,60.33576993609775
 07/18  20:00:00,60.076340873652164
 07/18  21:00:00,58.493890389561656
 07/18  22:00:00,21.603550764090535
 07/18  23:00:00,20.122908155790526
 07/18  24:00:00,16.163712511941814
 07/19  01:00:00,16.002738920482273
 07/19  02:00:00,16.002738920482273
 07/19  03:00:00,16.002738920482273
 07/19  04:00:00,16.002738920482273
 07/19  05:00:00,19.55414518401112
 07/19  06:00:00,43.09677365610297
 07/19  07:00:00,78.55868685156695
 07/19  08:00:00,134.48243383149233
 07/19  09:00:00,124.83808481042426
 07/19  10:00:00,122.96731076949607
 07/19  11:00:00,125.8737597321155
 07/19  12:00:00,126.55201282301678
 07/19  13:00:00,128.25444369389916
 07/19  14:00:00,120.29674138395445
 07/19  15:00:00,122.58159768547632
 07/19  16:00:00,128.18285641973978
 07/19  17:00:00,102.64496005096571
 07/19  18:00:00,67.93624239861352
 07/19  19:00:00,63.02992193513161
 07/19  20:00:00,63.43918930638438
 07/19  21:00:00,58.93539043386919
 07/19  22:00:00,21.603550764090535
 07/19  23:00:00,20.122908155790526
 07/19  24:00:00,16.163712511941814
 07/20  01:00:00,16.002738920482273
 07/20  02:00:00,16.002738920482273
 07/20  03:00:00,16.002738920482273
 07/20  04:00:00,16.002738920482273
 07/20  05:00:00,19.465698469479268
 07/20  06:00:00,42.35542571071919
 07/20  07:00:00,73.1724080793438
 07/20  08:00:00,129.31184274051523
 07/20  09:00:00,121.41903106541314
 07/20  10:00:00,122.76959870316269
 07/20  11:00:00,129.25137959279456
 07/20  12:00:00,127.10818163717053
 07/20  13:00:00,126.91265339827663
 07/20  14:00:00,119.56549032459635
 07/20  15:00:00,119.38920258291266
 07/20  16:00:00,122.49939808440459
 07/20  17:00:00,95.10116179046443
 07/20  18:00:00,62.42962805925588
 07/20  19:00:00,59.63972048293103
 07/20  20:00:00,60.22665332886911
 07/20  21:00:00,58.81251278739792
 07/20  22:00:00,21.603550764090535
 07/20  23:00:00,20.122908155790526
 07/20  24:00:00,13.038514687240195
 07/21  01:00:00,12.877565474876649
 07/21  02:00:00,12.877565474876649
 07/21  03:00:00,12.877565474876649
 07/21  04:00:00,12.877565474876649
 07/21  05:00:00,12.877565474876649
 07/21  06:00:00,43.69379419810936
 07/21  07:00:00,62.6246825524149
 07/21  08:00:00,68.97314515305612
 07/21  09:00:00,69.79405933815065
 07/21  10:00:00,68.68609448442767
 07/21  11:00:00,74.77293414043278
 07/21  12:00:00,67.44122011580978
 07/21  13:00:00,65.17727432585055
 07/21  14:00:00,61.47962608498586
 07/21  15:00:00,53.28608995186313
 07/21  16:00:00,52.06770796688521
 07/21  17:00:00,45.3196490766607
 07/21  18:00:00,13.016147148416591
 07/21  19:00:00,10.651187647526696
 07/21  20:00:00,13.58461547487665
 07/21  21:00:00,13.58461547487665
 07/21  22:00:00,13.58461547487665
 07/21  23:00:00,13.58461547487665
 07/21  24:00:00,12.877565474876649
 07/22  01:00:00,12.877565474876649
 07/22  02:00:00,12.877565474876649
 07/22  03:00:00,12.877565474876649
 07/22  04:00:00,12.877565474876649
 07/22  05:00:00,12.877565474876649
 07/22  06:00:00,16.942214819272674
 07/22  07:00:00,16.451521001575333
 07/22  08:00:00,27.402476651886733
 07/22  09:00:00,23.60682656020072
 07/22  10:00:00,27.138835087285717
 07/22  11:00:00,26.901192877741
 07/22  12:00:00,23.41255025192144
 07/22  13:00:00,27.228573806529067
 07/22  14:00:00,27.086479069676813
 07/22  15:00:00,23.691180378747426
 07/22  16:00:00,30.37061808024331
 07/22  17:00:00,30.307924007601578
 07/22  18:00:00,21.735313843107882
 07/22  19:00:00,24.31694883730347
 07/22  20:00:00,24.8798958909695
 07/22  21:00:00,19.7983704401796
 07/22  22:00:00,18.243090774271955
 07/22  23:00:00,19.542060054482207
 07/22  24:00:00,21.822364296996966
 07/23  01:00:00,21.772667686072374
 07/23  02:00:00,17.439475341802847
 07/23  03:00:00,17.4869290056659
 07/23  04:00:00,18.86825771614376
 07/23  05:00:00,25.224374625004298
 07/23  06:00:00,40.742559244012526
 07/23  07:00:00,80.41154833368192
 07/23  08:00:00,145.71897108813255
 07/23  09:00:00,142.79265313927283
 07/23  10:00:00,142.01128191265977
 07/23  11:00:00,147.28941970072765
 07/23  12:00:00,144.87827675467017
 07/23  13:00:00,150.5188762867702
 07/23  14:00:00,147.8329232463352
 07/23  15:00:00,156.11284699455288
 07/23  16:00:00,163.9631142951446
 07/23  17:00:00,130.71237137490976
 07/23  18:00:00,88.43802800728149
 07/23  19:00:00,73.85204213274966
 07/23  20:00:00,68.89332360375911
 07/23  21:00:00,64.88265090472854
 07/23  22:00:00,21.603550764090535
 07/23  23:00:00,20.122908155790526
 07/23  24:00:00,16.163712511941814
 07/24  01:00:00,16.002738920482273
 07/24  02:00:00,16.002738920482273
 07/24  03:00:00,16.002738920482273
 07/24  04:00:00,16.002738920482273
 07/24  05:00:00,26.408871402042383
 07/24  06:00:00,42.77806576901843
 07/24  07:00:00,85.45262606077506
 07/24  08:00:00,147.1858533586935
 07/24  09:00:00,142.27869624038019
 07/24  10:00:00,141.98161576299805
 07/24  11:00:00,146.10987649828078
 07/24  12:00:00,141.84081529967412
 07/24  13:00:00,145.5749122941675
 07/24  14:00:00,142.9034189905795
 07/24  15:00:00,150.1068678172772
 07/24  16:00:00,159.1802217010029
 07/24  17:00:00,125.38957657895108
 07/24  18:00:00,85.84517364981404
 07/24  19:00:00,74.57165474965925
 07/24  20:00:00,70.48441537590826
 07/24  21:00:00,66.71878685003426
 07/24  22:00:00,21.603550764090535
 07/24  23:00:00,20.122908155790526
 07/24  24:00:00,16.163712511941814
 07/25  01:00:00,16.002738920482273
 07/25  02:00:00,16.002738920482273
 07/25  03:00:00,16.002738920482273
 07/25  04:00:00,16.002738920482273
 07/25  05:00:00,26.866134018173412
 07/25  06:00:00,44.23349976582385
 07/25  07:00:00,87.61791117681497
 07/25  08:00:00,149.0940571732511
 07/25  09:00:00,141.66757839462588
 07/25  10:00:00,142.3330529264736
 07/25  11:00:00,147.31746655447031
 07/25  12:00:00,143.66396269779443
 07/25  13:00:00,148.9946824171699
 07/25  14:00:00,147.06504117665258
 07/25  15:00:00,153.16630327261362
 07/25  16:00:00,164.44606666662216
 07/25  17:00:00,130.6916985450858
 07/25  18:00:00,89.53202460024985
 07/25  19:00:00,78.28290834644581
 07/25  20:00:00,73.41497163496462
 07/25  21:00:00,68.16200542196837
 07/25  22:00:00,21.603550764090535
 07/25  23:00:00,20.122908155790526
 07/25  24:00:00,16.163712511941814
 07/26  01:00:00,16.002738920482273
 07/26  02:00:00,16.002738920482273
 07/26  03:00:00,16.002738920482273
 07/26  04:00:00,16.002738920482273
 07/26  05:00:00,27.09207308008288
 07/26  06:00:00,45.226890901538745
 07/26  07:00:00,90.92589742536471
 07/26  08:00:00,152.59766505790108
 07/26  09:00:00,146.77696942639918
 07/26  10:00:00,146.17420009358048
 07/26  11:00:00,153.11388675804523
 07/26  12:00:00,148.54408482792562
 07/26  13:00:00,154.88042886081445
 07/26  14:00:00,154.51513969502926
 07/26  15:00:00,162.5598054999423
 07/26  16:00:00,167.77917547662938
 07/26  17:00:00,140.17024561453954
 07/26  18:00:00,95.42818525336227
 07/26  19:00:00,80.39003250479095
 07/26  20:00:00,73.77968360772078
 07/26  21:00:00,69.50870215838655
 07/26  22:00:00,21.603550764090535
 07/26  23:00:00,20.122908155790526
 07/26  24:00:00,16.163712511941814
 07/27  01:00:00,16.002738920482273
 07/27  02:00:00,16.002738920482273
 07/27  03:00:00,16.002738920482273
 07/27  04:00:00,16.002738920482273
 07/27  05:00:00,27.170505928578276
 07/27  06:00:00,45.236974593543735
 07/27  07:00:00,90.43859556093902
 07/27  08:00:00,151.2046494125584
 07/27  09:00:00,146.60097911830624
 07/27  10:00:00,146.24858218056474
 07/27  11:00:00,154.34184209551285
 07/27  12:00:00,150.88979462434804
 07/27  13:00:00,156.8524794509605
 07/27  14:00:00,156.20143236960848
 07/27  15:00:00,162.50394035435318
 07/27  16:00:00,166.17252766464557
 07/27  17:00:00,130.15429568854248
 07/27  18:00:00,88.58849185055921
 07/27  19:00:00,77.22977676900246
 07/27  20:00:00,73.59004597255547
 07/27  21:00:00,69.70446352646445
 07/27  22:00:00,21.603550764090535
 07/27  23:00:00,20.122908155790526
 07/27  24:00:00,13.038514687240195
 07/28  01:00:00,12.877565474876649
 07/28  02:00:00,12.877565474876649
 07/28  03:00:00,12.877565474876649
 07/28  04:00:00,12.877565474876649
 07/28  05:00:00,23.938923131612775
 07/28  06:00:00,44.735601698102904
 07/28  07:00:00,74.17343057886933
 07/28  08:00:00,84.61146440220392
 07/28  09:00:00,91.98254336243718
 07/28  10:00:00,92.94861132038672
 07/28  11:00:00,96.49135831993345
 07/28  12:00:00,80.92529144229545
 07/28  13:00:00,78.59784680766569
 07/28  14:00:00,79.02230711105146
 07/28  15:00:00,79.68158039953195
 07/28  16:00:00,78.70212248042368
 07/28  17:00:00,56.27207455756958
 07/28  18:00:00,24.003032468766296
 07/28  19:00:00,26.605238823689234
 07/28  20:00:00,25.306432167384767
 07/28  21:00:00,20.195707581364715
 07/28  22:00:00,18.230485316195516
 07/28  23:00:00,18.253809802181216
 07/28  24:00:00,16.119404860466425
 07/29  01:00:00,16.19641365661138
 07/29  02:00:00,12.877565474876649
 07/29  03:00:00,12.877565474876649
 07/29  04:00:00,12.877565474876649
 07/29  05:00:00,12.877565474876649
 07/29  06:00:00,16.972685339531214
 07/29  07:00:00,18.39397141705823
 07/29  08:00:00,22.194992196690563
 07/29  09:00:00,30.17112698746482
 07/29  10:00:00,26.556464641338252
 07/29  11:00:00,28.99482940334838
 07/29  12:00:00,31.30678818830541
 07/29  13:00:00,27.133815995030545
 07/29  14:00:00,29.44989837829262
 07/29  15:00:00,33.17719865388801
 07/29  16:00:00,29.873462537715795
 07/29  17:00:00,31.900076244509858
 07/29  18:00:00,30.69799476645573
 07/29  19:00:00,23.88476051747494
 07/29  20:00:00,27.574336403284835
 07/29  21:00:00,27.28632105941945
 07/29  22:00:00,25.34010097807647
 07/29  23:00:00,23.49392284326563
 07/29  24:00:00,25.916393829755666
 07/30  01:00:00,25.85377301163795
 07/30  02:00:00,25.84337448596967
 07/30  03:00:00,25.798785704449934
 07/30  04:00:00,24.21439093795335
 07/30  05:00:00,30.58011215232777
 07/30  06:00:00,45.06440077916814
 07/30  07:00:00,94.44594438040194
 07/30  08:00:00,159.53601320864385
 07/30  09:00:00,156.89790125888766
 07/30  10:00:00,159.15952271189346
 07/30  11:00:00,164.18536667558857
 07/30  12:00:00,166.25814341657085
 07/30  13:00:00,168.58814181085802
 07/30  14:00:00,163.8906591950872
 07/30  15:00:00,163.86331168516423
 07/30  16:00:00,168.3090344045333
 07/30  17:00:00,146.21733163482475
 07/30  18:00:00,100.04517021558144
 07/30  19:00:00,81.46933154087156
 07/30  20:00:00,75.39961256955311
 07/30  21:00:00,71.78210850234237
 07/30  22:00:00,21.603550764090535
 07/30  23:00:00,20.122908155790526
 07/30  24:00:00,16.163712511941814
 07/31  01:00:00,16.002738920482273
 07/31  02:00:00,16.002738920482273
 07/31  03:00:00,16.002738920482273
 07/31  04:00:00,19.716169515221488
 07/31  05:00:00,27.81878958047408
 07/31  06:00:00,46.50753271174316
 07/31  07:00:00,94.34902402367062
 07/31  08:00:00,150.43946407574222
 07/31  09:00:00,144.47275523135824
 07/31  10:00:00,146.32043354163025
 07/31  11:00:00,154.97503648762432
 07/31  12:00:00,151.49301292251744
 07/31  13:00:00,158.63060113771036
 07/31  14:00:00,155.98077442855245
 07/31  15:00:00,161.85056323854016
 07/31  16:00:00,164.16760929966378
 07/31  17:00:00,120.4177674504794
 07/31  18:00:00,80.48000511323079
 07/31  19:00:00,72.69942576001827
 07/31  20:00:00,70.52795587470088
 07/31  21:00:00,67.89692037308949
 07/31  22:00:00,21.603550764090535
 07/31  23:00:00,20.122908155790526
 07/31  24:00:00,16.163712511941814
